INDEX_CODE	CON_CODE	TRADE_DATE	TOTAL_SHARE	FREE_SHARE_RATIO	CALC_SHARE	WEIGHT_FACTOR	WEIGHT	CLOSE
000905.SH	000009.SZ	20260513	2579213965	70	1805449776	1	0.1374	8.43
000905.SH	600968.SH	20260513	10165104199	20	2033020840	1	0.0762	4.15
000905.SH	601099.SH	20260513	6816316370	100	6816316370	1	0.2313	3.76
000905.SH	601098.SH	20260513	1796000000	40	718400000	1	0.0757	11.68
000905.SH	601061.SH	20260513	4900000000	11	539000000	1	0.0708	14.56
000905.SH	601019.SH	20260513	2086900000	30	626070000	1	0.0425	7.52
000905.SH	601016.SH	20260513	6440379790	60	3864227874	1	0.1786	5.12
000905.SH	601001.SH	20260513	1673700000	50	836850000	1	0.1351	17.88
000905.SH	601000.SH	20260513	5925928614	50	2962964307	1	0.127	4.75
000905.SH	600998.SH	20260513	5042470234	50	2521235117	1	0.1154	5.07
000905.SH	600995.SH	20260513	3196005805	30	958801742	1	0.13	15.02
000905.SH	600988.SH	20260513	1663911378	100	1663911378	1	0.6151	40.95
000905.SH	600985.SH	20260513	2693258709	40	1077303484	1	0.1317	13.54
000905.SH	600977.SH	20260513	1867000000	40	746800000	1	0.0966	14.33
000905.SH	600970.SH	20260513	2621819524	50	1310909762	1	0.1085	9.17
000905.SH	600967.SH	20260513	1701794667	50	850897334	1	0.1132	14.74
000905.SH	600816.SH	20260513	9844448254	40	3937779302	1	0.112	3.15
000905.SH	600959.SH	20260513	5000717686	50	2500358843	1	0.0889	3.94
000905.SH	600927.SH	20260513	1455555556	20	291111111	1	0.0388	14.75
000905.SH	600909.SH	20260513	5024209278	60	3014525567	1	0.1584	5.82
000905.SH	600906.SH	20260513	3245000000	40	1298000000	1	0.078	6.66
000905.SH	600901.SH	20260513	5791866431	40	2316746572	1	0.1378	6.59
000905.SH	600885.SH	20260513	1547594313	80	1238075450	1	0.3608	32.28
000905.SH	600884.SH	20260513	2249412863	80	1799530290	1	0.2619	16.12
000905.SH	600879.SH	20260513	3299299334	80	2639439467	1	0.6199	26.02
000905.SH	600873.SH	20260513	2804241650	70	1962969155	1	0.1682	9.49
000905.SH	600871.SH	20260513	13547012351	30	4064103705	1	0.095	2.59
000905.SH	600863.SH	20260513	7835189560	40	3134075824	1	0.1375	4.86
000905.SH	600862.SH	20260513	1393049107	60	835829464	1	0.1594	21.13
000905.SH	600848.SH	20260513	2393912273	40	957564909	1	0.0787	9.1
000905.SH	601106.SH	20260513	6857782927	50	3428891464	1	0.1414	4.57
000905.SH	601108.SH	20260513	4643762406	70	3250633684	1	0.2585	8.81
000905.SH	601118.SH	20260513	4279427797	40	1711771119	1	0.1128	7.3
000905.SH	601128.SH	20260513	3316515911	100	3316515911	1	0.217	7.25
000905.SH	601799.SH	20260513	285679419	50	142839710	1	0.178	138.08
000905.SH	601717.SH	20260513	1542165730	70	1079516011	1	0.1794	18.41
000905.SH	601699.SH	20260513	2991409200	40	1196563680	1	0.1647	15.25
000905.SH	601696.SH	20260513	2778000000	60	1666800000	1	0.1911	12.7
000905.SH	601666.SH	20260513	2469357013	60	1481614208	1	0.1073	8.02
000905.SH	601665.SH	20260513	6153842525	70	4307689768	1	0.2481	6.38
000905.SH	601615.SH	20260513	2261496706	80	1809197365	1	0.2683	16.43
000905.SH	601611.SH	20260513	3013834212	40	1205533685	1	0.149	13.69
000905.SH	601608.SH	20260513	4579553437	40	1831821375	1	0.1012	6.12
000905.SH	601598.SH	20260513	5163352805	30	1549005842	1	0.0856	6.12
000905.SH	601577.SH	20260513	4021553754	60	2412932252	1	0.2078	9.54
000905.SH	601567.SH	20260513	1405209400	50	702604700	1	0.122	19.23
000905.SH	601555.SH	20260513	4968702837	80	3974962270	1	0.3082	8.59
000905.SH	601399.SH	20260513	7213555890	40	2885422356	1	0.1112	4.27
000905.SH	601333.SH	20260513	5652237000	60	3391342200	1	0.0973	3.18
000905.SH	601233.SH	20260513	2404779773	60	1442867864	1	0.2855	21.92
000905.SH	601231.SH	20260513	2389105078	30	716731523	1	0.2766	42.76
000905.SH	601228.SH	20260513	7544531351	20	1508906270	1	0.0441	3.24
000905.SH	601216.SH	20260513	8438017390	40	3375206956	1	0.1673	5.49
000905.SH	601212.SH	20260513	7404774511	40	2961909804	1	0.2107	7.88
000905.SH	601198.SH	20260513	3232445520	60	1939467312	1	0.2318	13.24
000905.SH	601179.SH	20260513	5125882352	50	2562941176	1	0.4442	19.2
000905.SH	601168.SH	20260513	2383000000	70	1668100000	1	0.5032	33.42
000905.SH	601162.SH	20260513	10073985234	70	7051789664	1	0.2432	3.82
000905.SH	601156.SH	20260513	1587555556	40	635022222	1	0.0927	16.17
000905.SH	601155.SH	20260513	2260535439	40	904214176	1	0.1321	16.19
000905.SH	601139.SH	20260513	2876741752	30	863022526	1	0.0519	6.66
000905.SH	600820.SH	20260513	3144096094	70	2200867266	1	0.118	5.94
000905.SH	600808.SH	20260513	5967751186	40	2387100474	1	0.0804	3.73
000905.SH	000021.SZ	20260513	1560587588	70	1092411312	1	0.3186	32.31
000905.SH	600398.SH	20260513	4802770296	50	2401385148	1	0.1335	6.16
000905.SH	600535.SH	20260513	1493950005	50	746975003	1	0.1006	14.92
000905.SH	600528.SH	20260513	2221551588	50	1110775794	1	0.0789	7.87
000905.SH	600521.SH	20260513	1497251442	70	1048076009	1	0.1617	17.09
000905.SH	600517.SH	20260513	5718435744	30	1715530723	1	0.0921	5.95
000905.SH	600516.SH	20260513	4025970368	70	2818179258	1	0.1445	5.68
000905.SH	600511.SH	20260513	754502998	50	377251499	1	0.097	28.47
000905.SH	600499.SH	20260513	1917856391	60	1150713835	1	0.1924	18.52
000905.SH	600498.SH	20260513	1361267156	60	816760294	1	0.4351	59.01
000905.SH	600497.SH	20260513	5040380483	60	3024228290	1	0.2787	10.21
000905.SH	600487.SH	20260513	2466734657	80	1973387726	1	1.3378	75.1
000905.SH	600486.SH	20260513	405398884	60	243239330	1	0.1452	66.11
000905.SH	600483.SH	20260513	2780137800	40	1112055120	1	0.1035	10.31
000905.SH	600435.SH	20260513	1511327873	70	1057929511	1	0.141	14.77
000905.SH	600392.SH	20260513	1752826570	80	1402261256	1	0.3289	25.98
000905.SH	600801.SH	20260513	1344275649	50	672137825	1	0.1297	21.38
000905.SH	600390.SH	20260513	4498065459	50	2249032730	1	0.1074	5.29
000905.SH	600380.SH	20260513	1829453386	60	1097672032	1	0.1088	10.98
000905.SH	600378.SH	20260513	1289999620	40	515999848	1	0.1551	33.3
000905.SH	600369.SH	20260513	6645109124	60	3987065474	1	0.1544	4.29
000905.SH	600363.SH	20260513	450888450	80	360710760	1	0.1507	46.28
000905.SH	600352.SH	20260513	3253331860	80	2602665488	1	0.2932	12.48
000905.SH	600348.SH	20260513	3607500000	50	1803750000	1	0.1599	9.82
000905.SH	600339.SH	20260513	5583147471	30	1674944241	1	0.0588	3.89
000905.SH	600332.SH	20260513	1405890949	50	702945475	1	0.1457	22.96
000905.SH	600329.SH	20260513	570094356	50	285047178	1	0.1112	43.23
000905.SH	600316.SH	20260513	717114512	60	430268707	1	0.1329	34.22
000905.SH	600312.SH	20260513	1356921309	60	814152785	1	0.1656	22.54
000905.SH	600299.SH	20260513	3079779257	13	400371303	1	0.0463	12.8
000905.SH	600536.SH	20260513	933786584	60	560271950	1	0.2103	41.59
000905.SH	600546.SH	20260513	1982456140	50	991228070	1	0.1249	13.96
000905.SH	600549.SH	20260513	1587585826	70	1111310078	1	0.5802	57.84
000905.SH	600562.SH	20260513	1241857840	40	496743136	1	0.1264	28.18
000905.SH	600765.SH	20260513	1575492153	70	1102844507	1	0.1629	16.36
000905.SH	600764.SH	20260513	710629386	40	284251754	1	0.0619	24.11
000905.SH	600763.SH	20260513	447289117	70	313102382	1	0.1163	41.14
000905.SH	600754.SH	20260513	910298444	50	455149222	1	0.0932	22.69
000905.SH	600739.SH	20260513	1529709816	60	917825890	1	0.0985	11.89
000905.SH	600737.SH	20260513	2138848228	50	1069424114	1	0.1444	14.96
000905.SH	600720.SH	20260513	2294595565	40	917838226	1	0.055	6.64
000905.SH	600707.SH	20260513	3588389732	40	1435355893	1	0.1231	9.5
000905.SH	600704.SH	20260513	5171179890	60	3102707934	1	0.144	5.14
000905.SH	600699.SH	20260513	1395670563	70	976969394	1	0.2499	28.34
000905.SH	600688.SH	20260513	7328813500	30	2198644050	1	0.0605	3.05
000905.SH	600685.SH	20260513	821435181	50	410717591	1	0.1167	31.47
000905.SH	600673.SH	20260513	3009555059	50	1504777530	1	0.5087	37.45
000905.SH	600663.SH	20260513	3934417679	30	1180325304	1	0.0939	8.81
000905.SH	600655.SH	20260513	3892458273	50	1946229137	1	0.0852	4.85
000905.SH	600642.SH	20260513	4894079376	40	1957631750	1	0.1709	9.67
000905.SH	600637.SH	20260513	3361899817	60	2017139890	1	0.1868	10.26
000905.SH	600606.SH	20260513	14054218314	30	4216265494	1	0.0617	1.62
000905.SH	600602.SH	20260513	1074302990	60	644581794	1	0.1312	22.55
000905.SH	600601.SH	20260513	4273742887	70	2991620021	1	0.3864	14.31
000905.SH	600598.SH	20260513	1777679909	40	711071964	1	0.1076	16.76
000905.SH	600583.SH	20260513	4421354800	50	2210677400	1	0.1277	6.4
000905.SH	600582.SH	20260513	4138588892	40	1655435557	1	0.084	5.62
000905.SH	600580.SH	20260513	1562117511	70	1093482258	1	0.3996	40.48
000905.SH	600578.SH	20260513	6694621015	30	2008386305	1	0.0954	5.26
000905.SH	600566.SH	20260513	921215260	40	368486104	1	0.0955	28.72
000905.SH	600563.SH	20260513	225000000	60	135000000	1	0.1536	126.03
000905.SH	601865.SH	20260513	1901165162	40	760466065	1	0.0936	13.63
000905.SH	601866.SH	20260513	9751983820	40	3900793528	1	0.094	2.67
000905.SH	601880.SH	20260513	18413051214	40	7365220486	1	0.1097	1.65
000905.SH	688220.SH	20260513	418300889	60	250980533	1	0.2438	107.61
000905.SH	688347.SH	20260513	407750000	100	407750000	1	0.5913	160.66
000905.SH	688336.SH	20260513	616785793	20	123357159	1	0.0805	72.25
000905.SH	688322.SH	20260513	401144240	50	200572120	1	0.1576	87.03
000905.SH	688318.SH	20260513	256119472	30	76835842	1	0.0845	121.8
000905.SH	688301.SH	20260513	211411684	60	126847010	1	0.1307	114.18
000905.SH	688297.SH	20260513	675000000	40	270000000	1	0.115	47.19
000905.SH	688295.SH	20260513	900000000	20	180000000	1	0.0975	60.02
000905.SH	688281.SH	20260513	272570675	50	136285338	1	0.0961	78.08
000905.SH	688278.SH	20260513	408189480	40	163275792	1	0.0869	58.95
000905.SH	688266.SH	20260513	264708186	70	185295730	1	0.1867	111.63
000905.SH	688248.SH	20260513	564700000	30	169410000	1	0.0988	64.6
000905.SH	688235.SH	20260513	115055260	100	115055260	1	0.2783	267.98
000905.SH	688234.SH	20260513	429711044	50	214855522	1	0.2521	130.01
000905.SH	688213.SH	20260513	401841572	70	281289100	1	0.2526	99.5
000905.SH	601918.SH	20260513	2590541800	60	1554325080	1	0.1229	8.76
000905.SH	688192.SH	20260513	461187894	30	138356368	1	0.0714	57.2
000905.SH	688188.SH	20260513	288729927	40	115491971	1	0.1702	163.23
000905.SH	688183.SH	20260513	831821175	30	249546353	1	0.2311	102.6
000905.SH	688180.SH	20260513	766394171	70	536475920	1	0.2005	41.41
000905.SH	688172.SH	20260513	1427618097	20	285523619	1	0.1272	49.36
000905.SH	688166.SH	20260513	423102473	70	296171731	1	0.174	65.1
000905.SH	688122.SH	20260513	649664497	70	454765148	1	0.2748	66.95
000905.SH	688120.SH	20260513	353651991	70	247556394	1	0.5254	235.14
000905.SH	688114.SH	20260513	416516155	60	249909693	1	0.1168	51.79
000905.SH	688100.SH	20260513	491685175	30	147505553	1	0.0503	37.81
000905.SH	688099.SH	20260513	421165613	80	336932490	1	0.3437	113.0
000905.SH	688065.SH	20260513	721289794	50	360644897	1	0.1524	46.82
000905.SH	688052.SH	20260513	142528433	80	114022746	1	0.2286	222.1
000905.SH	688349.SH	20260513	1226404215	20	245280843	1	0.0523	23.62
000905.SH	688361.SH	20260513	350163237	60	210097942	1	0.3778	199.2
000905.SH	688363.SH	20260513	481678242	40	192671297	1	0.0714	41.05
000905.SH	688375.SH	20260513	596014900	30	178804470	1	0.2059	127.56
000905.SH	688819.SH	20260513	972100000	14	136094000	1	0.0332	27.06
000905.SH	688778.SH	20260513	504691083	40	201876433	1	0.1403	76.99
000905.SH	688777.SH	20260513	791189527	80	632951622	1	0.4501	78.77
000905.SH	688772.SH	20260513	1132068851	60	679241311	1	0.0964	15.73
000905.SH	688728.SH	20260513	2600586667	30	780176000	1	0.1025	14.56
000905.SH	688709.SH	20260513	636847026	30	191054108	1	0.0679	39.36
000905.SH	688702.SH	20260513	410000000	30	123000000	1	0.3311	298.2
000905.SH	688692.SH	20260513	113240000	50	56620000	1	0.1426	279.0
000905.SH	688676.SH	20260513	459784364	60	275870618	1	0.2182	87.64
000905.SH	688629.SH	20260513	460992831	40	184397132	1	0.2249	135.12
000905.SH	688617.SH	20260513	141030049	60	84618029	1	0.1799	235.59
000905.SH	688615.SH	20260513	196000000	50	98000000	1	0.1263	142.74
000905.SH	688608.SH	20260513	168693735	70	118085615	1	0.1897	177.96
000905.SH	688599.SH	20260513	2342567686	60	1405540612	1	0.2298	18.11
000905.SH	688582.SH	20260513	401739056	50	200869528	1	0.098	54.05
000905.SH	688578.SH	20260513	450000000	60	270000000	1	0.2315	95.0
000905.SH	688568.SH	20260513	808078912	50	404039456	1	0.2289	62.77
000905.SH	688563.SH	20260513	450000000	30	135000000	1	0.0735	60.31
000905.SH	688561.SH	20260513	682252725	40	272901090	1	0.0754	30.59
000905.SH	688538.SH	20260513	13809437625	40	5523775050	1	0.1162	2.33
000905.SH	688525.SH	20260513	466708301	70	326695811	1	0.9112	308.97
000905.SH	688520.SH	20260513	470335714	30	141100714	1	0.0552	43.35
000905.SH	688475.SH	20260513	787500000	20	157500000	1	0.0437	30.71
000905.SH	688469.SH	20260513	8382687172	60	5029612303	1	0.3332	7.34
000905.SH	688425.SH	20260513	5333497000	30	1600049100	1	0.0685	4.74
000905.SH	688387.SH	20260513	3418750000	40	1367500000	1	0.2706	21.92
000905.SH	688385.SH	20260513	537097300	70	375968110	1	0.2498	73.61
000905.SH	688037.SH	20260513	201627296	80	161301837	1	0.3986	273.74
000905.SH	688027.SH	20260513	102861001	60	61716601	1	0.3359	603.01
000905.SH	688019.SH	20260513	168554258	70	117987981	1	0.2892	271.5
000905.SH	603565.SH	20260513	2100063103	40	840025241	1	0.0839	11.07
000905.SH	603486.SH	20260513	579121261	40	231648504	1	0.1335	63.84
000905.SH	603444.SH	20260513	72041101	60	43224661	1	0.1497	383.69
000905.SH	603379.SH	20260513	610479037	40	244191615	1	0.1349	61.2
000905.SH	603345.SH	20260513	293294232	70	205305962	1	0.19	102.5
000905.SH	603341.SH	20260513	470331544	50	235165772	1	0.0838	39.46
000905.SH	603338.SH	20260513	506347879	50	253173940	1	0.1291	56.51
000905.SH	603298.SH	20260513	1309812049	40	523924820	1	0.1404	29.68
000905.SH	603290.SH	20260513	239473466	50	119736733	1	0.1223	113.13
000905.SH	603233.SH	20260513	1138847895	40	455539158	1	0.0771	18.76
000905.SH	603228.SH	20260513	984784137	50	492392069	1	0.3386	76.17
000905.SH	603225.SH	20260513	1676989681	50	838494841	1	0.1338	17.68
000905.SH	603179.SH	20260513	510141893	70	357099325	1	0.2327	72.2
000905.SH	603160.SH	20260513	464662636	60	278797582	1	0.167	66.37
000905.SH	603156.SH	20260513	1260277566	40	504111026	1	0.1958	43.02
000905.SH	603129.SH	20260513	152577663	70	106804364	1	0.254	263.41
000905.SH	603087.SH	20260513	597304969	60	358382981	1	0.1914	59.15
000905.SH	603077.SH	20260513	8831391228	70	6181973860	1	0.1546	2.77
000905.SH	603049.SH	20260513	874485598	10	87448560	1	0.0382	48.43
000905.SH	603000.SH	20260513	1105691056	50	552845528	1	0.0994	19.91
000905.SH	601997.SH	20260513	3656198076	80	2924958461	1	0.1584	6.0
000905.SH	601991.SH	20260513	12396089106	30	3718826732	1	0.2249	6.7
000905.SH	601990.SH	20260513	4399627795	50	2199813898	1	0.1461	7.36
000905.SH	601966.SH	20260513	1463502683	50	731751342	1	0.088	13.33
000905.SH	601965.SH	20260513	1003054887	40	401221955	1	0.0603	16.64
000905.SH	601958.SH	20260513	3226604400	30	967981320	1	0.1979	22.65
000905.SH	601928.SH	20260513	2544900000	30	763470000	1	0.0655	9.5
000905.SH	601921.SH	20260513	2222222223	20	444444445	1	0.0302	7.52
000905.SH	603529.SH	20260513	869127956	30	260738387	1	0.0538	22.85
000905.SH	603568.SH	20260513	1704558119	40	681823248	1	0.1318	21.41
000905.SH	688018.SH	20260513	167143010	60	100285806	1	0.1575	173.93
000905.SH	603589.SH	20260513	598119472	70	418683630	1	0.0888	23.5
000905.SH	688017.SH	20260513	183330125	70	128331088	1	0.3173	273.87
000905.SH	688002.SH	20260513	460237717	80	368190174	1	0.4789	144.1
000905.SH	605589.SH	20260513	846388498	80	677110798	1	0.2348	38.42
000905.SH	605358.SH	20260513	671373356	80	537098685	1	0.2474	51.03
000905.SH	603979.SH	20260513	623780087	60	374268052	1	0.2284	67.6
000905.SH	603939.SH	20260513	1212391897	50	606195949	1	0.1277	23.33
000905.SH	603927.SH	20260513	831040000	70	581728000	1	0.0883	16.82
000905.SH	603920.SH	20260513	720592317	60	432355390	1	0.2598	66.56
000905.SH	603899.SH	20260513	920970377	40	368388151	1	0.0818	24.59
000905.SH	603885.SH	20260513	2184005268	40	873602107	1	0.0914	11.59
000905.SH	603858.SH	20260513	1054568442	50	527284221	1	0.0792	16.64
000905.SH	603833.SH	20260513	609152720	30	182745816	1	0.0809	49.05
000905.SH	603816.SH	20260513	821451519	60	492870911	1	0.1475	33.16
000905.SH	603806.SH	20260513	2608739124	40	1043495650	1	0.1778	18.88
000905.SH	603786.SH	20260513	403856700	30	121157010	1	0.061	55.8
000905.SH	603766.SH	20260513	2053541850	60	1232125110	1	0.1711	15.38
000905.SH	603737.SH	20260513	737817473	40	295126989	1	0.1219	45.76
000905.SH	603728.SH	20260513	418882500	50	209441250	1	0.1199	63.43
000905.SH	603707.SH	20260513	1615634969	30	484690491	1	0.0398	9.1
000905.SH	603699.SH	20260513	775526127	40	310210451	1	0.1776	63.43
000905.SH	603688.SH	20260513	541678289	50	270839145	1	0.1791	73.26
000905.SH	603659.SH	20260513	2136399076	50	1068199538	1	0.3204	33.23
000905.SH	603658.SH	20260513	571424768	30	171427430	1	0.0537	34.69
000905.SH	603650.SH	20260513	616107972	40	246443189	1	0.1265	56.86
000905.SH	603606.SH	20260513	687715368	60	412629221	1	0.2312	62.07
000905.SH	603605.SH	20260513	395975948	60	237585569	1	0.1262	58.84
000905.SH	603596.SH	20260513	897636014	70	628345210	1	0.1825	32.18
000905.SH	600298.SH	20260513	868058471	70	607640930	1	0.2044	37.26
000905.SH	600295.SH	20260513	1975576254	30	592672876	1	0.0814	15.21
000905.SH	600282.SH	20260513	6165091011	40	2466036404	1	0.1173	5.27
000905.SH	002128.SZ	20260513	2241573493	50	1120786747	1	0.3207	31.7
000905.SH	002223.SZ	20260513	1002476929	60	601486157	1	0.1621	29.85
000905.SH	002203.SZ	20260513	2291755274	60	1375053164	1	0.2842	22.9
000905.SH	002202.SZ	20260513	3451495248	70	2416046674	1	0.5947	27.27
000905.SH	002195.SZ	20260513	5670554696	100	5670554696	1	0.4556	8.9
000905.SH	002185.SZ	20260513	3204484648	80	2563587718	1	0.3339	14.43
000905.SH	002157.SZ	20260513	9250162589	80	7400130071	1	0.2258	3.38
000905.SH	002156.SZ	20260513	1517596912	80	1214077530	1	0.6519	59.48
000905.SH	002155.SZ	20260513	1562651316	70	1093855921	1	0.2887	29.24
000905.SH	002153.SZ	20260513	2729193841	30	818758152	1	0.0749	10.14
000905.SH	002152.SZ	20260513	2483382898	50	1241691449	1	0.1328	11.85
000905.SH	002138.SZ	20260513	806318354	100	806318354	1	0.2708	37.2
000905.SH	002131.SZ	20260513	6771778703	100	6771778703	1	0.412	6.74
000905.SH	002130.SZ	20260513	1259898562	100	1259898562	1	0.2712	23.85
000905.SH	002126.SZ	20260513	843650301	100	843650301	1	0.3815	50.1
000905.SH	002508.SZ	20260513	944938916	50	472469458	1	0.0802	18.81
000905.SH	002120.SZ	20260513	2899200219	50	1449600110	1	0.1021	7.8
000905.SH	002085.SZ	20260513	2123297520	70	1486308264	1	0.1872	13.95
000905.SH	002080.SZ	20260513	1678123584	40	671249434	1	0.3998	65.99
000905.SH	002078.SZ	20260513	2794535119	60	1676721071	1	0.2143	14.16
000905.SH	002065.SZ	20260513	3205482375	70	2243837663	1	0.1724	8.51
000905.SH	002064.SZ	20260513	4962543897	40	1985017559	1	0.2025	11.3
000905.SH	002056.SZ	20260513	1626712074	50	813356037	1	0.1444	19.67
000905.SH	002044.SZ	20260513	3914253923	80	3131403138	1	0.1719	6.08
000905.SH	002032.SZ	20260513	801359733	20	160271947	1	0.0696	48.08
000905.SH	002025.SZ	20260513	455425988	60	273255593	1	0.1847	74.9
000905.SH	002008.SZ	20260513	1029603408	80	823682726	1	1.0012	134.66
000905.SH	002007.SZ	20260513	1827456666	60	1096474000	1	0.1448	14.63
000905.SH	001696.SZ	20260513	1145026920	70	801518844	1	0.1243	17.18
000905.SH	002244.SZ	20260513	3111443890	40	1244577556	1	0.1308	11.64
000905.SH	002261.SZ	20260513	1259831474	100	1259831474	1	0.3868	34.01
000905.SH	002262.SZ	20260513	1015786583	60	609471950	1	0.118	21.45
000905.SH	002265.SZ	20260513	1033040407	30	309912122	1	0.0692	24.73
000905.SH	002472.SZ	20260513	849567442	80	679653954	1	0.2597	42.33
000905.SH	002465.SZ	20260513	2481833948	80	1985467158	1	0.2966	16.55
000905.SH	002461.SZ	20260513	2213328480	20	442665696	1	0.0401	10.03
000905.SH	002444.SZ	20260513	1194478182	60	716686909	1	0.2286	35.34
000905.SH	002439.SZ	20260513	1211400205	60	726840123	1	0.1046	15.95
000905.SH	002436.SZ	20260513	1699673563	100	1699673563	1	0.5132	33.45
000905.SH	002432.SZ	20260513	464894790	70	325426353	1	0.2191	74.6
000905.SH	002430.SZ	20260513	978354062	50	489177031	1	0.1298	29.4
000905.SH	002429.SZ	20260513	4526940607	50	2263470304	1	0.2754	13.48
000905.SH	002423.SZ	20260513	2304105575	40	921642230	1	0.0843	10.13
000905.SH	002414.SZ	20260513	4270736108	40	1708294443	1	0.2281	14.79
000905.SH	002410.SZ	20260513	1651944342	100	1651944342	1	0.1615	10.83
000905.SH	002409.SZ	20260513	475927678	60	285556607	1	0.2419	93.86
000905.SH	002402.SZ	20260513	924694285	100	924694285	1	0.2733	32.74
000905.SH	002385.SZ	20260513	4300078565	80	3440062852	1	0.118	3.8
000905.SH	002372.SZ	20260513	1592037988	40	636815195	1	0.062	10.78
000905.SH	002353.SZ	20260513	1023855833	60	614313500	1	0.7974	143.8
000905.SH	002340.SZ	20260513	5115548607	100	5115548607	1	0.4027	8.72
000905.SH	002335.SZ	20260513	515414041	70	360789829	1	0.2211	67.89
000905.SH	002318.SZ	20260513	977170720	70	684019504	1	0.1857	30.08
000905.SH	002312.SZ	20260513	1889338619	60	1133603171	1	0.1105	10.8
000905.SH	002299.SZ	20260513	1243111721	50	621555861	1	0.1022	18.21
000905.SH	002294.SZ	20260513	1114816535	50	557408268	1	0.1952	38.8
000905.SH	002281.SZ	20260513	806675752	60	484005451	1	0.8804	201.5
000905.SH	002273.SZ	20260513	1390632221	100	1390632221	1	0.4769	37.99
000905.SH	002271.SZ	20260513	2388699866	80	1910959893	1	0.2932	17.0
000905.SH	002266.SZ	20260513	5219271402	50	2609635701	1	0.1293	5.49
000905.SH	001389.SZ	20260513	425687500	40	170275000	1	0.2931	190.68
000905.SH	001286.SZ	20260513	3750000000	20	750000000	1	0.0814	12.02
000905.SH	001221.SZ	20260513	400010000	9	36000900	1	0.0197	60.61
000905.SH	000703.SZ	20260513	3821083115	60	2292649869	1	0.3235	15.63
000905.SH	000657.SZ	20260513	2278604400	40	911441760	1	0.491	59.68
000905.SH	000629.SZ	20260513	9290947845	50	4645473923	1	0.1619	3.86
000905.SH	000623.SZ	20260513	1195895387	80	956716310	1	0.163	18.88
000905.SH	000598.SZ	20260513	2984008721	50	1492004361	1	0.0908	6.74
000905.SH	000591.SZ	20260513	3918568213	70	2742997749	1	0.1448	5.85
000905.SH	000582.SZ	20260513	2517084480	40	1006833792	1	0.1143	12.58
000905.SH	000563.SZ	20260513	5113970358	60	3068382215	1	0.0895	3.23
000905.SH	000559.SZ	20260513	3315358444	40	1326143378	1	0.2096	17.51
000905.SH	000539.SZ	20260513	4451875986	20	890375197	1	0.0593	7.38
000905.SH	000537.SZ	20260513	2066602352	40	826640941	1	0.0835	11.19
000905.SH	000528.SZ	20260513	2032200321	80	1625760257	1	0.1413	9.63
000905.SH	000519.SZ	20260513	1392558982	60	835535389	1	0.1357	17.99
000905.SH	000513.SZ	20260513	604293313	60	362575988	1	0.105	32.08
000905.SH	000429.SZ	20260513	1742056126	30	522616838	1	0.0617	13.07
000905.SH	000426.SZ	20260513	1775635739	80	1420508591	1	0.6533	50.95
000905.SH	000423.SZ	20260513	643976824	70	450783777	1	0.2164	53.18
000905.SH	000415.SZ	20260513	6184521282	60	3710712769	1	0.1551	4.63
000905.SH	000400.SZ	20260513	1018622249	70	713035574	1	0.1754	27.25
000905.SH	000155.SZ	20260513	1846168342	70	1292317839	1	0.1877	16.09
000905.SH	000088.SZ	20260513	5199483346	40	2079793338	1	0.0862	4.59
000905.SH	000062.SZ	20260513	1045909322	40	418363729	1	0.1412	37.39
000905.SH	000060.SZ	20260513	4441172458	70	3108820721	1	0.2178	7.76
000905.SH	000050.SZ	20260513	2457747661	60	1474648597	1	0.1022	7.68
000905.SH	000039.SZ	20260513	2302682490	80	1842145992	1	0.2135	12.84
000905.SH	000034.SZ	20260513	711260675	80	569008540	1	0.2146	41.79
000905.SH	000032.SZ	20260513	1215179311	50	607589656	1	0.1032	18.82
000905.SH	000027.SZ	20260513	4757389916	30	1427216975	1	0.0943	7.32
000905.SH	000683.SZ	20260513	3716831560	70	2601782092	1	0.1996	8.5
000905.SH	000709.SZ	20260513	10337121092	40	4134848437	1	0.0881	2.36
000905.SH	001213.SZ	20260513	4444444444	20	888888889	1	0.0321	4.0
000905.SH	000723.SZ	20260513	4403480409	70	3082436286	1	0.1141	4.1
000905.SH	000997.SZ	20260513	1013097915	70	709168541	1	0.1406	21.97
000905.SH	000987.SZ	20260513	5017132462	30	1505139739	1	0.1216	8.95
000905.SH	000967.SZ	20260513	3166943903	40	1266777561	1	0.1584	13.85
000905.SH	000960.SZ	20260513	1645801952	60	987481171	1	0.3628	40.7
000905.SH	000959.SZ	20260513	7754967370	20	1550993474	1	0.061	4.36
000905.SH	000958.SZ	20260513	17373128727	9	1563581585	1	0.0884	6.26
000905.SH	000951.SZ	20260513	1174869360	50	587434680	1	0.1225	23.11
000905.SH	000937.SZ	20260513	3533546850	30	1060064055	1	0.0527	5.51
000905.SH	000933.SZ	20260513	2249004399	70	1574303079	1	0.4478	31.51
000905.SH	000932.SZ	20260513	6908632499	50	3454316250	1	0.1456	4.67
000905.SH	000921.SZ	20260513	925271363	50	462635682	1	0.1023	24.5
000905.SH	000898.SZ	20260513	7957681258	30	2387304377	1	0.0489	2.27
000905.SH	000893.SZ	20260513	924051187	60	554430712	1	0.2662	53.2
000905.SH	000887.SZ	20260513	1316489747	60	789893848	1	0.1278	17.92
000905.SH	000883.SZ	20260513	7079387630	30	2123816289	1	0.0955	4.98
000905.SH	000878.SZ	20260513	2425184040	60	1455110424	1	0.2676	20.37
000905.SH	000831.SZ	20260513	1061220807	70	742854565	1	0.3742	55.8
000905.SH	000830.SZ	20260513	1904319011	60	1142591407	1	0.1583	15.35
000905.SH	000825.SZ	20260513	5696247796	40	2278499118	1	0.0884	4.3
000905.SH	000785.SZ	20260513	6227048814	40	2490819526	1	0.0576	2.56
000905.SH	000783.SZ	20260513	5530072948	60	3318043769	1	0.2678	8.94
000905.SH	000750.SZ	20260513	6386174477	70	4470322134	1	0.1594	3.95
000905.SH	000739.SZ	20260513	1158443576	50	579221788	1	0.0966	18.48
000905.SH	000738.SZ	20260513	1315184001	60	789110401	1	0.16	22.46
000905.SH	000733.SZ	20260513	554169431	70	387918602	1	0.1609	45.95
000905.SH	000729.SZ	20260513	2818539341	50	1409269671	1	0.1631	12.82
000905.SH	000728.SZ	20260513	4363777891	60	2618266735	1	0.1747	7.39
000905.SH	002500.SZ	20260513	3589771547	60	2153862928	1	0.111	5.71
000905.SH	002517.SZ	20260513	2136443234	80	1709154587	1	0.2762	17.9
000905.SH	600208.SH	20260513	8508940800	50	4254470400	1	0.1993	5.19
000905.SH	300679.SZ	20260513	424820000	70	297374000	1	0.1454	54.18
000905.SH	300972.SZ	20260513	188891422	50	94445711	1	0.1969	231.0
000905.SH	300957.SZ	20260513	423600000	50	211800000	1	0.0782	40.89
000905.SH	300919.SZ	20260513	938028458	50	469014229	1	0.2557	60.4
000905.SH	300888.SZ	20260513	582329808	40	232931923	1	0.067	31.85
000905.SH	300857.SZ	20260513	484569076	70	339198353	1	0.8284	270.57
000905.SH	300763.SZ	20260513	398113845	60	238868307	1	0.2165	100.43
000905.SH	300757.SZ	20260513	167608111	60	100564867	1	0.463	510.09
000905.SH	300751.SZ	20260513	279405006	60	167643004	1	0.4174	275.8
000905.SH	300748.SZ	20260513	1140825581	60	684495349	1	0.2208	35.73
000905.SH	300735.SZ	20260513	767460689	60	460476413	1	0.0882	21.21
000905.SH	300724.SZ	20260513	348292006	80	278633605	1	0.2333	92.76
000905.SH	300718.SZ	20260513	298779030	40	119511612	1	0.0859	79.63
000905.SH	300699.SZ	20260513	831352000	70	581946400	1	0.1894	36.06
000905.SH	300677.SZ	20260513	655163743	70	458614620	1	0.2245	54.24
000905.SH	002532.SZ	20260513	4651885415	60	2791131249	1	0.4162	16.52
000905.SH	300676.SZ	20260513	418317075	70	292821953	1	0.1126	42.59
000905.SH	300627.SZ	20260513	786437948	70	550506564	1	0.1616	32.51
000905.SH	300623.SZ	20260513	832079919	60	499247951	1	0.1411	31.3
000905.SH	300604.SZ	20260513	634402614	70	444081830	1	0.8542	213.08
000905.SH	300601.SZ	20260513	1116929111	60	670157467	1	0.0907	15.0
000905.SH	300570.SZ	20260513	227126867	70	158988807	1	0.2536	176.71
000905.SH	300567.SZ	20260513	279745097	70	195821568	1	0.2924	165.41
000905.SH	300558.SZ	20260513	420733843	60	252440306	1	0.1205	52.9
000905.SH	300529.SZ	20260513	798605275	60	479163165	1	0.0862	19.93
000905.SH	300496.SZ	20260513	460394994	80	368315995	1	0.2191	65.9
000905.SH	300487.SZ	20260513	507665589	50	253832795	1	0.144	62.86
000905.SH	300474.SZ	20260513	522619223	70	365833456	1	0.2264	68.57
000905.SH	300458.SZ	20260513	990512858	70	693359001	1	0.2301	36.76
000905.SH	301200.SZ	20260513	425509152	15	63826373	1	0.1211	210.2
000905.SH	301301.SZ	20260513	2230085000	30	669025500	1	0.0607	10.05
000905.SH	301308.SZ	20260513	419145267	40	167658107	1	0.85	561.64
000905.SH	301358.SZ	20260513	843340214	50	421670107	1	0.3831	100.66
000905.SH	600177.SH	20260513	4623441902	50	2311720951	1	0.1619	7.76
000905.SH	600171.SH	20260513	708923303	80	567138642	1	0.1524	29.77
000905.SH	600170.SH	20260513	8885939744	60	5331563846	1	0.129	2.68
000905.SH	600166.SH	20260513	7917400367	60	4750440220	1	0.1539	3.59
000905.SH	600157.SH	20260513	21817764145	100	21817764145	1	0.3545	1.8
000905.SH	600153.SH	20260513	2899538551	60	1739723131	1	0.1657	10.55
000905.SH	600143.SH	20260513	2636612697	80	2109290158	1	0.3355	17.62
000905.SH	600141.SH	20260513	1201739857	70	841217900	1	0.2561	33.73
000905.SH	600132.SH	20260513	483971198	50	241985599	1	0.1157	52.99
000905.SH	600131.SH	20260513	1198355044	50	599177522	1	0.0974	18.01
000905.SH	600126.SH	20260513	3377189083	40	1350875633	1	0.1102	9.04
000905.SH	600118.SH	20260513	1182489135	50	591244568	1	0.5959	111.66
000905.SH	600109.SH	20260513	3705364910	70	2593755437	1	0.2177	9.3
000905.SH	600098.SH	20260513	3505864981	30	1051759494	1	0.0691	7.28
000905.SH	600096.SH	20260513	1822990731	70	1276093512	1	0.3938	34.19
000905.SH	600095.SH	20260513	2859187743	40	1143675097	1	0.0936	9.07
000905.SH	600062.SH	20260513	1038757509	40	415503004	1	0.0673	17.95
000905.SH	600060.SH	20260513	1304972254	60	782983352	1	0.1784	25.24
000905.SH	600038.SH	20260513	819893213	50	409946607	1	0.1158	31.3
000905.SH	600032.SH	20260513	2404675324	30	721402597	1	0.0745	11.44
000905.SH	600021.SH	20260513	2821185445	50	1410592723	1	0.2278	17.89
000905.SH	600008.SH	20260513	7340590677	60	4404354406	1	0.1244	3.13
000905.SH	600007.SH	20260513	1007282534	20	201456507	1	0.0397	21.84
000905.SH	600004.SH	20260513	2577244598	40	1030897839	1	0.0794	8.53
000905.SH	301611.SZ	20260513	436000000	40	174400000	1	0.1769	112.39
000905.SH	301536.SZ	20260513	421715232	40	168686093	1	0.137	89.96
000905.SH	301498.SZ	20260513	400472840	30	120141852	1	0.0538	49.6
000905.SH	300454.SZ	20260513	420627992	60	252376795	1	0.2929	128.59
000905.SH	300450.SZ	20260513	1566163034	70	1096314124	1	0.535	54.06
000905.SH	300432.SZ	20260513	1709760242	60	1025856145	1	0.2546	27.49
000905.SH	003021.SZ	20260513	240196500	40	96078600	1	0.0878	101.23
000905.SH	002966.SZ	20260513	4470662011	100	4470662011	1	0.341	8.45
000905.SH	002958.SZ	20260513	5555620741	80	4444496593	1	0.12	2.99
000905.SH	002945.SZ	20260513	2700000000	10	270000000	1	0.0392	16.1
000905.SH	002939.SZ	20260513	4034426956	40	1613770782	1	0.1413	9.7
000905.SH	002926.SZ	20260513	2625000000	60	1575000000	1	0.1251	8.8
000905.SH	002851.SZ	20260513	581403102	70	406982171	1	0.4604	125.33
000905.SH	002850.SZ	20260513	273772573	70	191640801	1	0.3406	196.88
000905.SH	002841.SZ	20260513	696016545	60	417609927	1	0.1478	39.21
000905.SH	002837.SZ	20260513	968678626	60	581207176	1	0.5246	99.99
000905.SH	002831.SZ	20260513	920513500	40	368205400	1	0.1463	44.01
000905.SH	002821.SZ	20260513	333040460	60	199824276	1	0.2325	128.89
000905.SH	002797.SZ	20260513	4202400000	100	4202400000	1	0.302	7.96
000905.SH	002773.SZ	20260513	921123104	40	368449242	1	0.0782	23.5
000905.SH	002756.SZ	20260513	539101540	70	377371078	1	0.2674	78.49
000905.SH	002739.SZ	20260513	2111778708	70	1478245096	1	0.1256	9.41
000905.SH	002738.SZ	20260513	721491877	100	721491877	1	0.5486	84.24
000905.SH	002683.SZ	20260513	760002247	60	456001348	1	0.1678	40.77
000905.SH	002673.SZ	20260513	4469581705	60	2681749023	1	0.176	7.27
000905.SH	002670.SZ	20260513	1935084653	30	580525396	1	0.0673	12.84
000905.SH	002624.SZ	20260513	1939968404	70	1357977883	1	0.2065	16.85
000905.SH	002608.SZ	20260513	3778079704	20	755615941	1	0.056	8.21
000905.SH	002607.SZ	20260513	6167399389	80	4933919511	1	0.1189	2.67
000905.SH	002603.SZ	20260513	1670705376	50	835352688	1	0.1305	17.3
000905.SH	002595.SZ	20260513	1160000000	50	580000000	1	0.3044	58.14
000905.SH	002583.SZ	20260513	1818619381	60	1091171629	1	0.0986	10.01
000905.SH	002568.SZ	20260513	1048548555	50	524274278	1	0.0848	17.92
000905.SH	002558.SZ	20260513	1934750611	70	1354325428	1	0.3867	31.63
000905.SH	002984.SZ	20260513	1035885977	60	621531586	1	0.0905	16.13
000905.SH	003022.SZ	20260513	1335568000	30	400670400	1	0.0925	25.58
000905.SH	300395.SZ	20260513	522267673	80	417814138	1	0.5588	148.16
000905.SH	003031.SZ	20260513	451052859	40	180421144	1	0.2469	151.63
000905.SH	300390.SZ	20260513	830750788	70	581525552	1	0.5341	101.74
000905.SH	300383.SZ	20260513	1797592847	80	1438074278	1	0.2159	16.63
000905.SH	300373.SZ	20260513	543347787	60	326008672	1	0.2307	78.4
000905.SH	300346.SZ	20260513	691156903	100	691156903	1	0.3465	55.54
000905.SH	300339.SZ	20260513	796410841	100	796410841	1	0.3336	46.41
000905.SH	300285.SZ	20260513	997048299	80	797638639	1	0.2953	41.01
000905.SH	300223.SZ	20260513	482540723	70	337778506	1	0.4477	146.83
000905.SH	300207.SZ	20260513	1847462446	80	1477969957	1	0.351	26.31
000905.SH	300146.SZ	20260513	1691677031	60	1015006219	1	0.0967	10.55
000905.SH	300144.SZ	20260513	2624680340	60	1574808204	1	0.1055	7.42
000905.SH	300142.SZ	20260513	1599348541	100	1599348541	1	0.2245	15.55
000905.SH	300140.SZ	20260513	3099067016	20	619813403	1	0.0371	6.63
000905.SH	300136.SZ	20260513	967568638	100	967568638	1	0.9546	109.3
000905.SH	300115.SZ	20260513	1356056507	70	949239555	1	0.3074	35.87
000905.SH	300100.SZ	20260513	571982940	60	343189764	1	0.097	31.31
000905.SH	300073.SZ	20260513	544293668	80	435434934	1	0.2423	61.65
000905.SH	300070.SZ	20260513	3624209363	60	2174525618	1	0.076	3.87
000905.SH	300058.SZ	20260513	3590221227	100	3590221227	1	0.5901	18.21
000905.SH	300054.SZ	20260513	944543607	80	755634886	1	0.4426	64.89
000905.SH	300037.SZ	20260513	747782523	70	523447766	1	0.3049	64.53
000905.SH	300024.SZ	20260513	1565619950	80	1252495960	1	0.1735	15.35
000905.SH	300017.SZ	20260513	2459449777	100	2459449777	1	0.3881	17.48
000905.SH	300012.SZ	20260513	1682828214	100	1682828214	1	0.24	15.8
000905.SH	300003.SZ	20260513	1843396367	70	1290377457	1	0.1681	14.43
000905.SH	300002.SZ	20260513	1967173866	100	1967173866	1	0.1747	9.84
000905.SH	300001.SZ	20260513	1055537713	70	738876399	1	0.2191	32.85
000905.SH	003035.SZ	20260513	3787878787	30	1136363636	1	0.0807	7.87
000905.SH	689009.SH	20260513	717596528	80	574077222	1	0.213	41.1
