	INDEX_CODE	CON_CODE	TRADE_DATE	TOTAL_SHARE	FREE_SHARE_RATIO	CALC_SHARE	WEIGHT_FACTOR	WEIGHT	CLOSE
0	000300.SH	000001.SZ	20260512	19405918198		9702959099	1	0.4041	11.25
206	000300.SH	601127.SH	20260512	1633366086		816683043	1	0.2622	86.75
204	000300.SH	601111.SH	20260512	12492810328		3747843098	1	0.0979	7.06
203	000300.SH	601100.SH	20260512	1340820992		536328397	1	0.2233	112.5
202	000300.SH	601088.SH	20260512	17854286401		3570857280	1	0.5974	45.2
201	000300.SH	601077.SH	20260512	8843663959		5306198375	1	0.1351	6.88
200	000300.SH	601066.SH	20260512	6495671035		1299134207	1	0.1108	23.04
199	000300.SH	601059.SH	20260512	3243000000		972900000	1	0.0618	17.16
198	000300.SH	601058.SH	20260512	3288100259		2630480207	1	0.1293	13.28
197	000300.SH	601021.SH	20260512	978333423		489166712	1	0.0842	46.48
196	000300.SH	601018.SH	20260512	19454388399		3890877680	1	0.054	3.75
195	000300.SH	601012.SH	20260512	7578060130		6062448104	1	0.3748	16.7
194	000300.SH	601009.SH	20260512	12363567245		6181783623	1	0.2565	11.21
193	000300.SH	601006.SH	20260512	20147177716		12088306630	1	0.2425	5.42
192	000300.SH	600999.SH	20260512	7422005272		3711002636	1	0.2236	16.28
191	000300.SH	600989.SH	20260512	7333360000		2200008000	1	0.2291	28.13
190	000300.SH	600958.SH	20260512	7469482864		5228638005	1	0.191	9.87
205	000300.SH	601117.SH	20260512	6106877362		3664126417	1	0.1139	8.4
207	000300.SH	601136.SH	20260512	2733333800		546666760	1	0.034	16.82
188	000300.SH	600938.SH	20260512	2990000000		2392000000	1	0.3204	36.19
208	000300.SH	601138.SH	20260512	19858183781		3971636756	1	0.9468	64.4
223	000300.SH	601360.SH	20260512	6999557879		3499778940	1	0.1477	11.4
222	000300.SH	601336.SH	20260512	2085439340		834175736	1	0.2015	65.26
221	000300.SH	601328.SH	20260512	53351921593		26675960797	1	0.6586	6.67
220	000300.SH	601319.SH	20260512	35497756583		3194798092	1	0.0879	7.43
219	000300.SH	601318.SH	20260512	10660065083		10660065083	1	2.3439	59.4
218	000300.SH	601298.SH	20260512	5392075000		700969750	1	0.0235	9.07
217	000300.SH	601288.SH	20260512	319244210777		28731978970	1	0.7211	6.78
216	000300.SH	601238.SH	20260512	7383697595		2215109279	1	0.0557	6.79
215	000300.SH	601236.SH	20260512	4716787742		1415036323	1	0.0396	7.56
214	000300.SH	601229.SH	20260512	14208999583		9946299708	1	0.3417	9.28
213	000300.SH	601225.SH	20260512	9695000000		3878000000	1	0.3415	23.79
212	000300.SH	601211.SH	20260512	14123165981		11298532785	1	0.6733	16.1
211	000300.SH	601186.SH	20260512	11503245500		4601298200	1	0.1151	6.76
210	000300.SH	601169.SH	20260512	21142984272		14800088990	1	0.2882	5.26
209	000300.SH	601166.SH	20260512	21162851947		16930281558	1	1.1124	17.75
189	000300.SH	600941.SH	20260512	902767867		902767867	1	0.3254	97.37
187	000300.SH	600930.SH	20260512	41714285714		2920000000	1	0.07	6.48
1	000300.SH	000002.SZ	20260512	9724196533		6806937573	1	0.1033	4.1
168	000300.SH	600600.SH	20260512	709125943		354562972	1	0.0824	62.76
166	000300.SH	600585.SH	20260512	3999702579		2399821547	1	0.19	21.39
165	000300.SH	600584.SH	20260512	1789414570		1431531656	1	0.2927	55.24
164	000300.SH	600570.SH	20260512	1894130907		1515304726	1	0.1537	27.4
163	000300.SH	600547.SH	20260512	3614443347		1807221674	1	0.233	34.83
162	000300.SH	600522.SH	20260512	3412949652		2730359722	1	0.4455	44.08
161	000300.SH	600519.SH	20260512	1252270215		626135108	1	3.1394	1354.55
160	000300.SH	600515.SH	20260512	11425309602		5712654801	1	0.0732	3.46
159	000300.SH	600489.SH	20260512	4847312564		2908387538	1	0.2888	26.83
158	000300.SH	600482.SH	20260512	2253549842		1126774921	1	0.1569	37.63
157	000300.SH	600460.SH	20260512	1664071845		1164850292	1	0.1303	30.21
156	000300.SH	600438.SH	20260512	4501989837		2701193902	1	0.1699	16.99
155	000300.SH	600436.SH	20260512	603317210		301658605	1	0.1558	139.52
154	000300.SH	600426.SH	20260512	2123219998		1486253999	1	0.1925	34.99
153	000300.SH	600415.SH	20260512	5483559226		2741779613	1	0.1313	12.94
152	000300.SH	600406.SH	20260512	8032088259		4016044130	1	0.3999	26.9
167	000300.SH	600588.SH	20260512	3416997409		2050198445	1	0.0903	11.9
169	000300.SH	600660.SH	20260512	2002986332		1602389066	1	0.3526	59.45
186	000300.SH	600926.SH	20260512	7249002548		5074301784	1	0.312	16.61
170	000300.SH	600674.SH	20260512	4874606828		1949842731	1	0.1117	15.47
185	000300.SH	600919.SH	20260512	18351324463		14681059570	1	0.6141	11.3
184	000300.SH	600918.SH	20260512	7918340996		3167336398	1	0.0709	6.05
183	000300.SH	600905.SH	20260512	28587650142		14293825071	1	0.2222	4.2
182	000300.SH	600900.SH	20260512	24468217716		12234108858	1	1.2245	27.04
181	000300.SH	600893.SH	20260512	2665594238		1332797119	1	0.2403	48.7
180	000300.SH	600887.SH	20260512	6325360667		6325360667	1	0.6558	28.01
179	000300.SH	600886.SH	20260512	8004494262		2401348279	1	0.1206	13.57
178	000300.SH	600875.SH	20260512	3050360326		1220144130	1	0.1739	38.5
177	000300.SH	600845.SH	20260512	2146928818		858771527	1	0.0753	23.69
176	000300.SH	600809.SH	20260512	1219964222		487985689	1	0.2475	137.01
175	000300.SH	600803.SH	20260512	3097087607		929126282	1	0.0711	20.66
174	000300.SH	600795.SH	20260512	17835619082		8917809541	1	0.1647	4.99
173	000300.SH	600760.SH	20260512	2835094714		850528414	1	0.1571	49.91
172	000300.SH	600741.SH	20260512	3152723984		1576361992	1	0.1056	18.1
171	000300.SH	600690.SH	20260512	6253028411		3751817047	1	0.2947	21.22
224	000300.SH	601377.SH	20260512	8635987294		6908789835	1	0.157	6.14
225	000300.SH	601390.SH	20260512	20478895629		10239447815	1	0.1944	5.13
226	000300.SH	601398.SH	20260512	269612212539		32353465505	1	0.8958	7.48
281	000300.SH	688008.SH	20260512	1145151330		1145151330	1	1.0203	240.7
279	000300.SH	605117.SH	20260512	907766493		363106597	1	0.2135	158.82
278	000300.SH	603993.SH	20260512	17460842176		8730421088	1	0.6651	20.58
277	000300.SH	603986.SH	20260512	667849351		667849351	1	0.874	353.55
276	000300.SH	603893.SH	20260512	420919050		210459525	1	0.1398	179.43
275	000300.SH	603799.SH	20260512	1896097297		1516877838	1	0.353	62.87
274	000300.SH	603501.SH	20260512	1209404099		846582869	1	0.3237	103.31
273	000300.SH	603392.SH	20260512	1265122774		379536832	1	0.0608	43.31
272	000300.SH	603369.SH	20260512	1246800037		748080022	1	0.0797	28.8
271	000300.SH	603296.SH	20260512	1015732344		406292938	1	0.1649	109.63
270	000300.SH	603288.SH	20260512	5560600544		1668180163	1	0.2337	37.84
269	000300.SH	603260.SH	20260512	1182206941		354662082	1	0.0584	44.5
268	000300.SH	603259.SH	20260512	2473280246		2473280246	1	1.0101	110.33
267	000300.SH	603195.SH	20260512	1808587688		271288153	1	0.0438	43.64
266	000300.SH	603019.SH	20260512	1463115784		1463115784	1	0.5276	97.42
265	000300.SH	601998.SH	20260512	40762999287		5299189907	1	0.1618	8.25
280	000300.SH	605499.SH	20260512	520013000		208005200	1	0.1499	194.72
282	000300.SH	688009.SH	20260512	8621018000		2586305400	1	0.0486	5.08
227	000300.SH	601456.SH	20260512	5237952806		1571385842	1	0.0562	9.67
283	000300.SH	688012.SH	20260512	626145307		438301715	1	0.6302	388.45
298	000300.SH	688506.SH	20260512	412873817		82574763	1	0.0804	263.1
297	000300.SH	688472.SH	20260512	3688217324		1475286930	1	0.0845	15.47
296	000300.SH	688396.SH	20260512	1327529398		531011759	1	0.1197	60.91
295	000300.SH	688303.SH	20260512	2145205724		643561717	1	0.0531	22.3
294	000300.SH	688271.SH	20260512	824157988		494494793	1	0.2096	114.52
293	000300.SH	688256.SH	20260512	628292969		314146485	1	1.486	1277.87
292	000300.SH	688223.SH	20260512	10005202678		4002081071	1	0.1099	7.42
291	000300.SH	688187.SH	20260512	868907512		260672254	1	0.0477	49.41
290	000300.SH	688169.SH	20260512	259106368		207285094	1	0.0883	115.12
289	000300.SH	688126.SH	20260512	3194582680		1916749608	1	0.1792	25.26
288	000300.SH	688111.SH	20260512	463179293		231589647	1	0.2242	261.5
287	000300.SH	688082.SH	20260512	480164789		96032958	1	0.062	174.42
286	000300.SH	688047.SH	20260512	401000000		200500000	1	0.13	175.1
285	000300.SH	688041.SH	20260512	2324338091		929735236	1	1.2017	349.19
284	000300.SH	688036.SH	20260512	1151184545		575592273	1	0.1242	58.3
264	000300.SH	601995.SH	20260512	2923542440		1169416976	1	0.1503	34.73
263	000300.SH	601988.SH	20260512	238590135419		14315408125	1	0.3042	5.74
262	000300.SH	601985.SH	20260512	20568002074		8227200830	1	0.2811	9.23
261	000300.SH	601939.SH	20260512	21183061579		8473224632	1	0.302	9.63
242	000300.SH	601788.SH	20260512	3906698839		1953349420	1	0.1129	15.62
241	000300.SH	601766.SH	20260512	24327798048		12163899024	1	0.272	6.04
240	000300.SH	601728.SH	20260512	77629728699		15525945740	1	0.3517	6.12
239	000300.SH	601698.SH	20260512	4224385412		844877082	1	0.1197	38.26
238	000300.SH	601689.SH	20260512	1737835580		868917790	1	0.2157	67.05
237	000300.SH	601688.SH	20260512	7307818106		5846254485	1	0.4268	19.72
236	000300.SH	601669.SH	20260512	17226159334		8613079667	1	0.1897	5.95
235	000300.SH	601668.SH	20260512	41320390444		20660195222	1	0.3816	4.99
234	000300.SH	601658.SH	20260512	100238886492		11026277514	1	0.2053	5.03
233	000300.SH	601633.SH	20260512	6239096012		1247819202	1	0.091	19.71
232	000300.SH	601628.SH	20260512	20823530000		1665882400	1	0.2316	37.56
231	000300.SH	601618.SH	20260512	17852619170		7141047668	1	0.0785	2.97
230	000300.SH	601607.SH	20260512	2789289105		1115715642	1	0.0708	17.15
229	000300.SH	601601.SH	20260512	6845041455		3422520728	1	0.4715	37.22
228	000300.SH	601600.SH	20260512	13211666110		7926999666	1	0.3427	11.68
243	000300.SH	601800.SH	20260512	11856168225		3556850468	1	0.0907	6.89
244	000300.SH	601808.SH	20260512	2960468000		592093600	1	0.0314	14.31
245	000300.SH	601816.SH	20260512	48925679370		29355407622	1	0.5487	5.05
254	000300.SH	601881.SH	20260512	7243417623		2173025287	1	0.1046	13.0
260	000300.SH	601919.SH	20260512	12609935239		6304967620	1	0.3288	14.09
259	000300.SH	601916.SH	20260512	21544435963		15081105174	1	0.168	3.01
258	000300.SH	601901.SH	20260512	8232101395		4116050698	1	0.1111	7.29
257	000300.SH	601899.SH	20260512	20588703340		16470962672	1	2.1083	34.58
256	000300.SH	601898.SH	20260512	9152000400		1830400080	1	0.1097	16.19
255	000300.SH	601888.SH	20260512	1952475544		976237772	1	0.2224	61.55
253	000300.SH	601878.SH	20260512	4573796639		2744277983	1	0.1015	9.99
246	000300.SH	601818.SH	20260512	46406815561		18562726224	1	0.2164	3.15
252	000300.SH	601877.SH	20260512	2148968976		1074484488	1	0.1316	33.09
251	000300.SH	601872.SH	20260512	8074538502		3229815401	1	0.2127	17.79
250	000300.SH	601868.SH	20260512	34977747243		13991098897	1	0.1719	3.32
249	000300.SH	601857.SH	20260512	161922077818		11334545447	1	0.4695	11.19
248	000300.SH	601838.SH	20260512	4238435356		2543061214	1	0.1784	18.95
247	000300.SH	601825.SH	20260512	9644444445		5786666667	1	0.1844	8.61
151	000300.SH	600377.SH	20260512	3815747500		496047175	1	0.0229	12.46
150	000300.SH	600372.SH	20260512	4838896630		2419448315	1	0.1206	13.47
149	000300.SH	600362.SH	20260512	2075247405		1037623703	1	0.1887	49.14
55	000300.SH	002415.SZ	20260512	9164871550		3665948620	1	0.469	34.56
53	000300.SH	002371.SZ	20260512	721603463		432962078	1	0.9319	581.45
52	000300.SH	002352.SZ	20260512	4799421659		2399710830	1	0.3283	36.96
51	000300.SH	002311.SZ	20260512	1663749970		831874985	1	0.1414	45.91
50	000300.SH	002304.SZ	20260512	1506445074		602578030	1	0.1062	47.62
49	000300.SH	002252.SZ	20260512	6637984837		5310387870	1	0.1113	5.66
48	000300.SH	002241.SZ	20260512	3545644932		2481951452	1	0.2321	25.26
47	000300.SH	002236.SZ	20260512	3286755574		1972053344	1	0.1305	17.88
46	000300.SH	002230.SZ	20260512	2311692581		2311692581	1	0.4178	48.83
45	000300.SH	002179.SZ	20260512	2118271050		1270962630	1	0.1922	40.85
44	000300.SH	002142.SZ	20260512	6603590792		3301795396	1	0.39	31.91
43	000300.SH	002074.SZ	20260512	1805457485		1083274491	1	0.1471	36.68
42	000300.SH	002050.SZ	20260512	3731477535		2238886521	1	0.422	50.92
41	000300.SH	002049.SZ	20260512	849624032		679699226	1	0.2002	79.59
40	000300.SH	002028.SZ	20260512	778405282		622724226	1	0.4572	198.35
39	000300.SH	002027.SZ	20260512	14442199726		10109539808	1	0.2257	6.03
54	000300.SH	002384.SZ	20260512	1831607532		1282125272	1	1.0415	219.46
56	000300.SH	002422.SZ	20260512	1598053372		1118637360	1	0.1387	33.5
74	000300.SH	003816.SZ	20260512	39334986100		7866997220	1	0.1389	4.77
57	000300.SH	002459.SZ	20260512	3309682191		1985809315	1	0.0817	11.12
72	000300.SH	002920.SZ	20260512	596842634		298421317	1	0.1148	103.92
71	000300.SH	002916.SZ	20260512	666740795		266696318	1	0.3256	329.79
70	000300.SH	002736.SZ	20260512	10241743060		3072522918	1	0.1231	10.82
69	000300.SH	002714.SZ	20260512	5462771029		2731385515	1	0.434	42.93
68	000300.SH	002709.SZ	20260512	2033891587		1423724111	1	0.3088	58.59
67	000300.SH	002648.SZ	20260512	3368645690		1684322845	1	0.1723	27.63
66	000300.SH	002625.SZ	20260512	2154587862		1508211503	1	0.2372	42.49
65	000300.SH	002601.SZ	20260512	2384248056		1668973639	1	0.1084	17.55
64	000300.SH	002600.SZ	20260512	7306060977		3653030489	1	0.2023	14.96
63	000300.SH	002594.SZ	20260512	5433797565		2716898783	1	0.9979	99.23
62	000300.SH	002493.SZ	20260512	9989442254		2996832676	1	0.1491	13.44
61	000300.SH	002475.SZ	20260512	7281808472		5097265930	1	1.4564	77.19
60	000300.SH	002466.SZ	20260512	1477072783		1033950948	1	0.2861	74.75
59	000300.SH	002463.SZ	20260512	1923388552		1346371986	1	0.5416	108.68
58	000300.SH	002460.SZ	20260512	1613593699		1129515589	1	0.3497	83.65
38	000300.SH	002001.SZ	20260512	3073421680		1536710840	1	0.1906	33.5
37	000300.SH	001979.SZ	20260512	9016032171		3606412868	1	0.1291	9.67
36	000300.SH	001965.SZ	20260512	6795094992		2038528498	1	0.0733	9.71
35	000300.SH	001391.SZ	20260512	12208881225		976710498	1	0.0191	5.28
16	000300.SH	000630.SZ	20260512	13409471510		8045682906	1	0.2052	6.89
15	000300.SH	000625.SZ	20260512	8272471283		4963482770	1	0.1685	9.17
14	000300.SH	000617.SZ	20260512	12642079079		2528415816	1	0.086	9.19
13	000300.SH	000596.SZ	20260512	408600000		163440000	1	0.062	102.54
12	000300.SH	000568.SZ	20260512	1471941963		735970982	1	0.2582	94.78
11	000300.SH	000538.SZ	20260512	1784262603		892131302	1	0.1711	51.81
10	000300.SH	000425.SZ	20260512	11752972482		9402377986	1	0.3644	10.47
9	000300.SH	000408.SZ	20260512	1570225745		785112873	1	0.2558	88.02
8	000300.SH	000338.SZ	20260512	6770541296		5416433037	1	0.6556	32.7
7	000300.SH	000333.SZ	20260512	7034219742		4923953819	1	1.4598	80.09
6	000300.SH	000301.SZ	20260512	6611230167		2644492067	1	0.1268	12.95
5	000300.SH	000166.SZ	20260512	22535944560		9014377824	1	0.1595	4.78
4	000300.SH	000157.SZ	20260512	7096027688		4967219382	1	0.1442	7.84
3	000300.SH	000100.SZ	20260512	20800862447		20800862447	1	0.3288	4.27
2	000300.SH	000063.SZ	20260512	4028032353		3222425882	1	0.4543	38.09
17	000300.SH	000651.SZ	20260512	5601405741		4481124593	1	0.6691	40.34
18	000300.SH	000661.SZ	20260512	407937529		326350023	1	0.1073	88.85
19	000300.SH	000708.SZ	20260512	5047157829		1009431566	1	0.058	15.52
28	000300.SH	000895.SZ	20260512	3464661213		1039398364	1	0.1033	26.85
34	000300.SH	000999.SZ	20260512	1664217858		665687143	1	0.0631	25.6
33	000300.SH	000983.SZ	20260512	5677101059		2838550530	1	0.0719	6.84
32	000300.SH	000977.SZ	20260512	1468476655		1027933659	1	0.2783	73.13
31	000300.SH	000975.SZ	20260512	2776722265		1666033359	1	0.173	28.06
30	000300.SH	000963.SZ	20260512	1754021048		877010524	1	0.1089	33.56
29	000300.SH	000938.SZ	20260512	2860079874		2002055912	1	0.2274	30.69
27	000300.SH	000876.SZ	20260512	4502576702		2251288351	1	0.0718	8.62
20	000300.SH	000725.SZ	20260512	36720996337		36720996337	1	0.5668	4.17
26	000300.SH	000858.SZ	20260512	3881608005		1940804003	1	0.6506	90.56
25	000300.SH	000807.SZ	20260512	3467957405		2080774443	1	0.24	31.16
24	000300.SH	000792.SZ	20260512	5291572541		3174943525	1	0.4354	37.05
23	000300.SH	000786.SZ	20260512	1702236042		1021341625	1	0.1016	26.88
22	000300.SH	000776.SZ	20260512	5904049311		2952024656	1	0.2298	21.03
21	000300.SH	000768.SZ	20260512	2781149071		1390574536	1	0.1315	25.55
73	000300.SH	002938.SZ	20260512	2318051016		695415305	1	0.2041	79.3
75	000300.SH	300014.SZ	20260512	2074113673		1244468204	1	0.3137	68.09
148	000300.SH	600346.SH	20260512	7039099786		2111729936	1	0.1767	22.61
130	000300.SH	600061.SH	20260512	6393983207		2557593283	1	0.0646	6.82
128	000300.SH	600048.SH	20260512	11970443418		7182266051	1	0.176	6.62
127	000300.SH	600039.SH	20260512	8695590645		2608677194	1	0.0773	8.0
126	000300.SH	600036.SH	20260512	20628944429		12377366657	1	1.7364	37.9
125	000300.SH	600031.SH	20260512	8474390037		5932073026	1	0.469	21.36
124	000300.SH	600030.SH	20260512	12200469974		9760375979	1	0.9834	27.22
123	000300.SH	600029.SH	20260512	13476923269		5390769308	1	0.1117	5.6
122	000300.SH	600028.SH	20260512	97142913622		14571437043	1	0.2805	5.2
121	000300.SH	600027.SH	20260512	9894540584		3957816234	1	0.0781	5.33
120	000300.SH	600026.SH	20260512	4169220839		1667688336	1	0.1367	22.15
119	000300.SH	600025.SH	20260512	18631094257		1863109426	1	0.0663	9.62
118	000300.SH	600023.SH	20260512	13408732749		4022619825	1	0.0889	5.97
117	000300.SH	600019.SH	20260512	21782084749		8712833900	1	0.2074	6.43
116	000300.SH	600018.SH	20260512	23281365262		2793763831	1	0.0532	5.14
115	000300.SH	600016.SH	20260512	35462123213		24823486249	1	0.3381	3.68
114	000300.SH	600015.SH	20260512	15914928468		6365971387	1	0.1551	6.58
129	000300.SH	600050.SH	20260512	31264425327		15632212664	1	0.2685	4.64
131	000300.SH	600066.SH	20260512	2213939223		1328363534	1	0.1762	35.83
76	000300.SH	300015.SZ	20260512	9325396670		4662698335	1	0.1823	10.56
132	000300.SH	600085.SH	20260512	1371470262		685735131	1	0.0713	28.07
147	000300.SH	600309.SH	20260512	3130471626		1878282976	1	0.5791	83.29
146	000300.SH	600276.SH	20260512	6379002274		4465301592	1	0.9274	56.11
145	000300.SH	600233.SH	20260512	3422539846		1711269923	1	0.1334	21.06
144	000300.SH	600219.SH	20260512	11613670848		6968202509	1	0.1416	5.49
143	000300.SH	600196.SH	20260512	2118488825		1271093295	1	0.1191	25.32
142	000300.SH	600188.SH	20260512	5961980544		1788594163	1	0.1393	21.04
141	000300.SH	600183.SH	20260512	2429119230		1214559615	1	0.3849	85.62
140	000300.SH	600176.SH	20260512	4003136728		2401882037	1	0.3363	37.82
139	000300.SH	600161.SH	20260512	1977371446		988685723	1	0.0525	14.34
138	000300.SH	600160.SH	20260512	2699746081		1349873041	1	0.1757	35.16
137	000300.SH	600150.SH	20260512	7525621288		4515372773	1	0.6769	40.5
136	000300.SH	600115.SH	20260512	17024964893		8512482447	1	0.1399	4.44
135	000300.SH	600111.SH	20260512	3615065842		2530546089	1	0.5099	54.44
134	000300.SH	600104.SH	20260512	11495277504		4598111002	1	0.2281	13.4
133	000300.SH	600089.SH	20260512	5052792571		5052792571	1	0.5413	28.94
113	000300.SH	600011.SH	20260512	10997709919		4399083968	1	0.1244	7.64
112	000300.SH	600010.SH	20260512	45288619348		22644309674	1	0.2322	2.77
111	000300.SH	600009.SH	20260512	2488313040		1244156520	1	0.1244	27.01
110	000300.SH	600000.SH	20260512	33305838300		13322335320	1	0.4453	9.03
91	000300.SH	300442.SZ	20260512	1634343573		817171787	1	0.2764	91.38
90	000300.SH	300433.SZ	20260512	4982732391		1993092956	1	0.2249	30.48
89	000300.SH	300418.SZ	20260512	1255356953		878749867	1	0.1712	52.63
88	000300.SH	300413.SZ	20260512	1870720815		748288326	1	0.0551	19.91
87	000300.SH	300408.SZ	20260512	1916497371		1341548160	1	0.438	88.21
86	000300.SH	300394.SZ	20260512	777415891		466449535	1	0.5913	342.45
85	000300.SH	300347.SZ	20260512	737901250		516530875	1	0.0985	51.53
84	000300.SH	300316.SZ	20260512	1309533797		654766899	1	0.1161	47.89
83	000300.SH	300308.SZ	20260512	1111118334		1111118334	1	4.1869	1017.99
82	000300.SH	300274.SZ	20260512	2073211424		1451247997	1	0.7513	139.85
81	000300.SH	300251.SZ	20260512	2933588432		1466794216	1	0.0786	14.48
80	000300.SH	300124.SZ	20260512	2699696667		1889787667	1	0.5278	75.45
79	000300.SH	300122.SZ	20260512	2393789747		1196894874	1	0.07	15.8
78	000300.SH	300059.SZ	20260512	15804037675		12643230140	1	0.9954	21.27
77	000300.SH	300033.SZ	20260512	752640000		301056000	1	0.2807	251.92
92	000300.SH	300476.SZ	20260512	870349313		609244519	1	0.8467	375.43
93	000300.SH	300498.SZ	20260512	6653927141		5323141713	1	0.3034	15.4
94	000300.SH	300502.SZ	20260512	993972352		993972352	1	2.1801	592.52
103	000300.SH	300866.SZ	20260512	536157605		214463042	1	0.1003	126.3
109	000300.SH	302132.SZ	20260512	2672091376		293930051	1	0.0806	74.1
108	000300.SH	301269.SZ	20260512	545437608		218175043	1	0.0774	95.8
107	000300.SH	301236.SZ	20260512	1035189280		621113568	1	0.0952	41.42
106	000300.SH	300999.SZ	20260512	5421591536		596375069	1	0.0625	28.33
105	000300.SH	300979.SZ	20260512	1167000000		175050000	1	0.0248	38.29
104	000300.SH	300896.SZ	20260512	302592061		151296031	1	0.0646	115.3
102	000300.SH	300832.SZ	20260512	785718785		392859393	1	0.0721	49.56
95	000300.SH	300628.SZ	20260512	1266730887		506692355	1	0.0725	38.63
101	000300.SH	300803.SZ	20260512	598256675		358954005	1	0.1423	107.06
100	000300.SH	300782.SZ	20260512	574986986		344992192	1	0.1403	109.9
99	000300.SH	300760.SZ	20260512	1212441394		606220697	1	0.3734	166.39
98	000300.SH	300759.SZ	20260512	1476658400		1033660880	1	0.105	27.43
97	000300.SH	300750.SZ	20260512	4407658830		2644595298	1	4.2216	431.25
96	000300.SH	300661.SZ	20260512	617900439		432530307	1	0.1655	103.38
299	000300.SH	688981.SH	20260512	1999562549		1999562549	1	0.9028	121.98
